"term_id","business_term","definition","data_domain","data_owner","data_steward","authoritative_source","sensitivity","critical_data_element","status","quality_dimension","related_terms"
"BUS-001","Customer","An individual or organisation that holds or applies for a contractual relationship with HelvetiaCare.","Customer","Head of Customer Management","Customer Data Steward","Customer Master Data System","Confidential","No","Approved","Completeness","Customer Identifier; Policyholder"
"BUS-002","Customer Identifier","The unique enterprise identifier assigned to a customer record.","Customer","Head of Customer Management","Customer Data Steward","Customer Master Data System","Confidential","Yes","Approved","Uniqueness","Customer; Policyholder Identifier"
"BUS-003","Full Legal Name","The official first name and surname of an individual customer or the registered name of an organisation.","Customer","Head of Customer Management","Customer Data Steward","Customer Master Data System","Personal","Yes","Approved","Completeness","Customer"
"BUS-004","Date of Birth","The officially recorded date on which an individual customer was born.","Customer","Head of Customer Management","Customer Data Steward","Customer Master Data System","Sensitive Personal","Yes","Approved","Validity","Customer"
"BUS-005","Residential Address","The current registered residential address of an individual customer.","Customer","Head of Customer Management","Customer Data Steward","Customer Master Data System","Personal","Yes","Approved","Completeness","Customer; Correspondence Address"
"BUS-006","Correspondence Address","The address approved for sending communications to a customer.","Customer","Head of Customer Management","Customer Data Steward","Customer Relationship Management Platform","Personal","No","Approved","Accuracy","Customer; Residential Address"
"BUS-007","Consent Status","The current approved status of a customer consent record for a defined processing purpose.","Customer","Head of Customer Management","Customer Data Steward","Consent Management Platform","Confidential","Yes","Approved","Accuracy","Consent Effective Date; Processing Purpose"
"BUS-008","Consent Effective Date","The date from which a recorded customer consent or withdrawal becomes effective.","Customer","Head of Customer Management","Customer Data Steward","Consent Management Platform","Confidential","No","Approved","Validity","Consent Status"
"BUS-009","Policy","A formal insurance contract defining coverage between HelvetiaCare and a policyholder.","Policy","Head of Policy Administration","Policy Data Steward","Policy Administration System","Confidential","No","Approved","Completeness","Policy Identifier; Policyholder"
"BUS-010","Policy Identifier","The unique identifier assigned to an insurance policy.","Policy","Head of Policy Administration","Policy Data Steward","Policy Administration System","Confidential","Yes","Approved","Uniqueness","Policy; Claim"
"BUS-011","Policyholder","The individual or organisation legally responsible for an insurance policy.","Policy","Head of Policy Administration","Policy Data Steward","Policy Administration System","Confidential","No","Approved","Accuracy","Customer; Policyholder Identifier"
"BUS-012","Policyholder Identifier","The customer identifier linking an insurance policy to its policyholder.","Policy","Head of Policy Administration","Policy Data Steward","Policy Administration System","Confidential","Yes","Approved","Referential Integrity","Customer Identifier; Policy"
"BUS-013","Policy Inception Date","The date on which insurance coverage under a policy begins.","Policy","Head of Policy Administration","Policy Data Steward","Policy Administration System","Internal","Yes","Approved","Validity","Policy Expiry Date; Coverage Period"
"BUS-014","Policy Expiry Date","The date on which an insurance policy or its coverage ends.","Policy","Head of Policy Administration","Policy Data Steward","Policy Administration System","Internal","Yes","Approved","Consistency","Policy Inception Date; Coverage Period"
"BUS-015","Policy Status","The current approved lifecycle state of an insurance policy.","Policy","Head of Policy Administration","Policy Data Steward","Policy Administration System","Internal","Yes","Approved","Validity","Policy; Coverage Status"
"BUS-016","Coverage Type","The approved category of insurance protection attached to a policy.","Policy","Head of Policy Administration","Policy Data Steward","Product Catalogue","Internal","Yes","Approved","Validity","Policy; Coverage Period"
"BUS-017","Coverage Period","The period during which defined insurance coverage is effective.","Policy","Head of Policy Administration","Policy Data Steward","Policy Administration System","Internal","No","Approved","Consistency","Policy Inception Date; Policy Expiry Date"
"BUS-018","Claim","A request for assessment and reimbursement under an insurance policy.","Claims","Head of Claims Management","Claims Data Steward","Claims Management System","Confidential","No","Approved","Completeness","Claim Identifier; Policy"
"BUS-019","Claim Identifier","The unique identifier assigned to an insurance claim.","Claims","Head of Claims Management","Claims Data Steward","Claims Management System","Confidential","Yes","Approved","Uniqueness","Claim; Policy Identifier"
"BUS-020","Claim Submission Date","The date on which HelvetiaCare receives an insurance claim.","Claims","Head of Claims Management","Claims Data Steward","Claims Management System","Internal","Yes","Approved","Validity","Treatment Date; Claim"
"BUS-021","Treatment Date","The date on which a healthcare service related to a claim was provided.","Claims","Head of Claims Management","Claims Data Steward","Claims Management System","Sensitive Personal","Yes","Approved","Consistency","Claim Submission Date; Healthcare Provider"
"BUS-022","Claim Amount","The monetary amount submitted for reimbursement within a claim.","Claims","Head of Claims Management","Claims Data Steward","Claims Management System","Confidential","Yes","Approved","Validity","Approved Reimbursement Amount; Claim"
"BUS-023","Approved Reimbursement Amount","The amount approved for payment after assessment of an insurance claim.","Claims","Head of Claims Management","Claims Data Steward","Claims Management System","Confidential","Yes","Approved","Accuracy","Claim Amount; Payment Status"
"BUS-024","Claim Status","The current approved lifecycle state of an insurance claim.","Claims","Head of Claims Management","Claims Data Steward","Claims Management System","Internal","Yes","Approved","Validity","Claim; Payment Status"
"BUS-025","Healthcare Provider","A healthcare professional or organisation delivering services relevant to insurance administration or reimbursement.","Healthcare Provider","Head of Provider Management","Provider Data Steward","Provider Management Platform","Confidential","No","Approved","Completeness","Provider Identifier; Provider Type"
"BUS-026","Provider Identifier","The unique enterprise identifier assigned to a healthcare provider.","Healthcare Provider","Head of Provider Management","Provider Data Steward","Provider Management Platform","Confidential","Yes","Approved","Uniqueness","Healthcare Provider; Claim"
"BUS-027","Provider Legal Name","The officially registered name of a healthcare professional or organisation.","Healthcare Provider","Head of Provider Management","Provider Data Steward","Provider Management Platform","Internal","Yes","Approved","Completeness","Healthcare Provider"
"BUS-028","Provider Type","The approved classification of a healthcare professional or organisation.","Healthcare Provider","Head of Provider Management","Provider Data Steward","Provider Management Platform","Internal","Yes","Approved","Validity","Healthcare Provider"
"BUS-029","Licence Status","The current verified professional or institutional licence state of a healthcare provider.","Healthcare Provider","Head of Provider Management","Provider Data Steward","Credential Verification Platform","Confidential","Yes","Approved","Accuracy","Healthcare Provider; Contract Status"
"BUS-030","Contract Status","The current lifecycle state of the commercial relationship with a healthcare provider.","Healthcare Provider","Head of Provider Management","Provider Data Steward","Contract Management System","Confidential","Yes","Approved","Validity","Healthcare Provider; Licence Status"
"BUS-031","Payment Account Identifier","The approved account identifier used to process payments to a healthcare provider.","Healthcare Provider","Head of Provider Management","Provider Data Steward","Payment Processing System","Restricted","Yes","Approved","Accuracy","Healthcare Provider; Payment Status"
"BUS-032","Financial Transaction","A recorded financial event affecting the accounts of HelvetiaCare.","Finance","Chief Financial Officer","Finance Data Steward","General Ledger System","Confidential","No","Approved","Completeness","Transaction Identifier; Transaction Amount"
"BUS-033","Transaction Identifier","The unique identifier assigned to a financial transaction.","Finance","Chief Financial Officer","Finance Data Steward","General Ledger System","Confidential","Yes","Approved","Uniqueness","Financial Transaction"
"BUS-034","Accounting Date","The date on which a financial transaction is recognised in the accounts.","Finance","Chief Financial Officer","Finance Data Steward","General Ledger System","Internal","Yes","Approved","Validity","Financial Reporting Period"
"BUS-035","Transaction Amount","The monetary value recorded for a financial transaction.","Finance","Chief Financial Officer","Finance Data Steward","General Ledger System","Confidential","Yes","Approved","Accuracy","Financial Transaction; Currency Code"
"BUS-036","Currency Code","The approved ISO currency code associated with a financial transaction.","Finance","Chief Financial Officer","Finance Data Steward","General Ledger System","Internal","Yes","Approved","Validity","Transaction Amount"
"BUS-037","General Ledger Account","The approved account used to classify a financial transaction within the general ledger.","Finance","Chief Financial Officer","Finance Data Steward","General Ledger System","Internal","Yes","Approved","Validity","Financial Transaction"
"BUS-038","Payment Status","The current approved lifecycle state of an incoming or outgoing payment.","Finance","Chief Financial Officer","Finance Data Steward","Payment Processing System","Confidential","Yes","Approved","Accuracy","Approved Reimbursement Amount; Financial Transaction"
"BUS-039","Financial Reporting Period","The approved accounting period to which a financial transaction is assigned.","Finance","Chief Financial Officer","Finance Data Steward","Financial Reporting Platform","Internal","Yes","Approved","Consistency","Accounting Date"
"BUS-040","Critical Data Element","A data element whose failure could materially affect customers, operations, reporting, compliance or decision-making.","Enterprise","Chief Data Officer","Chief Data Office","Metadata and Data Catalogue Platform","Internal","No","Approved","Completeness","Data Owner; Data Steward"
"BUS-041","Data Owner","The senior business role accountable for data within an assigned enterprise data domain.","Enterprise","Chief Data Officer","Chief Data Office","Data Governance Register","Internal","No","Approved","Completeness","Data Steward; Data Custodian"
"BUS-042","Data Steward","The role responsible for coordinating the operational implementation of Data Governance within a data domain.","Enterprise","Chief Data Officer","Chief Data Office","Data Governance Register","Internal","No","Approved","Completeness","Data Owner; Data Custodian"
"BUS-043","Data Custodian","The role responsible for implementing and operating technical controls for systems and data platforms.","Enterprise","Chief Data Officer","Chief Data Office","Data Governance Register","Internal","No","Approved","Completeness","Data Owner; Data Steward"
"BUS-044","Data Quality Issue","A documented condition in which data fails to meet an approved business or quality requirement.","Enterprise","Chief Data Officer","Chief Data Office","Data Governance Issue Register","Internal","No","Approved","Accuracy","Data Quality Rule; Remediation Action"
"BUS-045","Data Quality Rule","An approved and measurable condition used to determine whether data meets a defined quality requirement.","Enterprise","Chief Data Officer","Chief Data Office","Data Quality Rules Register","Internal","No","Approved","Completeness","Data Quality Issue; Critical Data Element"