rule_id,rule_name,data_domain,business_term,quality_dimension,rule_logic,target_percentage,warning_threshold_percentage,critical_threshold_percentage,frequency,data_owner,data_steward,data_custodian,failure_severity,status
DQ-CUSTOMER-001,Unique Customer Identifier,Customer,Customer Identifier,Uniqueness,Every active customer must have one unique Customer Identifier,100.0,99.5,99.0,Daily,Head of Customer Operations,Customer Data Steward,Customer Platform Custodian,High,Active
DQ-CUSTOMER-002,Complete Customer Legal Name,Customer,Full Legal Name,Completeness,Every active customer must have a populated Full Legal Name,99.0,98.0,97.0,Daily,Head of Customer Operations,Customer Data Steward,Customer Platform Custodian,Medium,Active
DQ-CUSTOMER-003,Valid Customer Date of Birth,Customer,Date of Birth,Validity,Every populated Date of Birth must be a valid historical calendar date,99.5,99.0,98.0,Daily,Head of Customer Operations,Customer Data Steward,Customer Platform Custodian,High,Active
DQ-CUSTOMER-004,Valid Consent Status,Customer,Consent Status,Validity,Consent Status must use an approved enterprise reference value,100.0,99.5,99.0,Daily,Head of Customer Operations,Customer Data Steward,Customer Platform Custodian,High,Active
DQ-POLICY-001,Unique Policy Identifier,Policy,Policy Identifier,Uniqueness,Every policy must have one unique Policy Identifier,100.0,99.5,99.0,Daily,Head of Policy Administration,Policy Data Steward,Policy Platform Custodian,High,Active
DQ-POLICY-002,Valid Policyholder Reference,Policy,Policyholder Identifier,Referential Integrity,Every active policy must reference a valid Customer Identifier,100.0,99.5,99.0,Daily,Head of Policy Administration,Policy Data Steward,Policy Platform Custodian,High,Active
DQ-POLICY-003,Consistent Policy Dates,Policy,Policy Expiry Date,Consistency,Policy Expiry Date must not precede Policy Inception Date,100.0,99.5,99.0,Daily,Head of Policy Administration,Policy Data Steward,Policy Platform Custodian,High,Active
DQ-POLICY-004,Valid Policy Status,Policy,Policy Status,Validity,Policy Status must use an approved lifecycle reference value,99.5,99.0,98.0,Daily,Head of Policy Administration,Policy Data Steward,Policy Platform Custodian,Medium,Active
DQ-CLAIMS-001,Unique Claim Identifier,Claims,Claim Identifier,Uniqueness,Every claim must have one unique Claim Identifier,100.0,99.5,99.0,Daily,Head of Claims,Claims Data Steward,Claims Platform Custodian,High,Active
DQ-CLAIMS-002,Valid Claim Policy Reference,Claims,Policy Identifier,Referential Integrity,Every claim must reference a valid Policy Identifier,100.0,99.5,99.0,Daily,Head of Claims,Claims Data Steward,Claims Platform Custodian,High,Active
DQ-CLAIMS-003,Consistent Treatment Date,Claims,Treatment Date,Consistency,Treatment Date must not occur after Claim Submission Date,99.5,99.0,98.0,Daily,Head of Claims,Claims Data Steward,Claims Platform Custodian,Medium,Active
DQ-CLAIMS-004,Accurate Reimbursement Amount,Claims,Approved Reimbursement Amount,Accuracy,Approved Reimbursement Amount must match the final approved claim decision,99.5,99.0,98.0,Daily,Head of Claims,Claims Data Steward,Claims Platform Custodian,High,Active
DQ-PROVIDER-001,Unique Provider Identifier,Healthcare Provider,Provider Identifier,Uniqueness,Every healthcare provider must have one unique Provider Identifier,100.0,99.5,99.0,Daily,Head of Provider Management,Provider Data Steward,Provider Platform Custodian,High,Active
DQ-PROVIDER-002,Verified Provider Licence,Healthcare Provider,Licence Status,Accuracy,Every active provider must have a verified valid Licence Status,100.0,99.5,99.0,Daily,Head of Provider Management,Provider Data Steward,Provider Platform Custodian,High,Active
DQ-PROVIDER-003,Accurate Provider Payment Account,Healthcare Provider,Payment Account Identifier,Accuracy,Payment Account Identifier must match the latest approved provider record,100.0,99.5,99.0,Daily,Head of Provider Management,Provider Data Steward,Provider Platform Custodian,High,Active
DQ-PROVIDER-004,Valid Provider Contract Status,Healthcare Provider,Contract Status,Validity,Contract Status must use an approved provider lifecycle value,99.0,98.0,97.0,Daily,Head of Provider Management,Provider Data Steward,Provider Platform Custodian,Medium,Active
DQ-FINANCE-001,Unique Transaction Identifier,Finance,Transaction Identifier,Uniqueness,Every financial transaction must have one unique Transaction Identifier,100.0,99.5,99.0,Daily,Chief Financial Officer,Finance Data Steward,Finance Platform Custodian,High,Active
DQ-FINANCE-002,Valid Accounting Date,Finance,Accounting Date,Validity,Accounting Date must be a valid date within an open accounting period,100.0,99.5,99.0,Daily,Chief Financial Officer,Finance Data Steward,Finance Platform Custodian,High,Active
DQ-FINANCE-003,Valid General Ledger Account,Finance,General Ledger Account,Validity,General Ledger Account must exist in the approved chart of accounts,100.0,99.5,99.0,Daily,Chief Financial Officer,Finance Data Steward,Finance Platform Custodian,High,Active
DQ-FINANCE-004,Accurate Transaction Amount,Finance,Transaction Amount,Accuracy,Transaction Amount must reconcile with the approved source transaction,99.9,99.5,99.0,Daily,Chief Financial Officer,Finance Data Steward,Finance Platform Custodian,High,Active