issue_id,issue_title,issue_category,primary_domain,additional_domains,date_identified,issue_source,affected_data_element,critical_data_element,data_classification,severity,data_owner,data_steward,remediation_owner,root_cause,containment_action,remediation_plan,target_date,status,related_rule_id,last_review_date,next_review_date,closure_date
ISSUE-2026-001,Incomplete customer legal names,Data Quality,Customer,,2026-01-12,Automated Control,Full Legal Name,Yes,Personal,Medium,Head of Customer Operations,Customer Data Steward,Customer Platform Custodian,Manual input error,Produce a daily exception report,Add mandatory input validation and correct existing records,2026-03-15,Closed,DQ-CUSTOMER-002,2026-03-10,,2026-03-12
ISSUE-2026-002,Claims reimbursement amount mismatch,Data Quality,Claims,Finance,2026-04-07,Reconciliation,Approved Reimbursement Amount,Yes,Sensitive Personal,High,Head of Claims,Claims Data Steward,Claims Platform Custodian,Transformation logic,Suspend automated payment release for affected exceptions,Correct the transformation and reprocess impacted claims,2026-08-15,Awaiting Validation,DQ-CLAIMS-004,2026-07-20,2026-08-03,
ISSUE-2026-003,Expired provider licence records,Third-Party Data,Healthcare Provider,,2026-05-19,Operational Review,Licence Status,Yes,Confidential,High,Head of Provider Management,Provider Data Steward,Provider Operations Manager,Third-party failure,Require manual licence verification before claim approval,Implement automated licence verification and remediate affected records,2026-09-30,In Progress,DQ-PROVIDER-002,2026-07-22,2026-08-05,
ISSUE-2026-004,Overdue privileged finance access review,Data Access,Finance,,2026-06-03,Access Review,Financial Transaction,Yes,Restricted,High,Chief Financial Officer,Finance Data Steward,Identity and Access Management Lead,Control execution failure,Restrict unreviewed privileged accounts,Complete access recertification and automate overdue escalation,2026-08-31,Remediation Agreed,,2026-07-18,2026-08-01,
ISSUE-2026-005,Orphaned policyholder references,Data Quality,Policy,Customer,2026-02-14,Automated Control,Policyholder Identifier,Yes,Personal,High,Head of Policy Administration,Policy Data Steward,Policy Platform Custodian,Interface failure,Route invalid records to an exception queue,Correct interface sequencing and reconcile orphaned policies,2026-04-30,Closed,DQ-POLICY-002,2026-04-25,,2026-04-28
ISSUE-2026-006,Missing lineage for claims AI pilot,Artificial Intelligence,Claims,Customer,2026-07-01,AI Readiness Assessment,Claim Identifier,Yes,Sensitive Personal,High,Head of Claims,Claims Data Steward,AI Platform Lead,Incomplete metadata,Prevent production deployment of the AI use case,Document end-to-end lineage and complete the readiness reassessment,2026-09-15,Blocked,,2026-07-24,2026-08-07,
ISSUE-2026-007,Conflicting customer definitions across systems,Business Definition and Metadata,Customer,Policy,2026-07-08,Glossary Review,Customer,Yes,Personal,Medium,Head of Customer Operations,Customer Data Steward,Enterprise Data Architect,Definition ambiguity,Require reports to identify the definition currently used,Approve one enterprise definition and update dependent systems,2026-10-15,Under Assessment,,2026-07-23,2026-08-06,
ISSUE-2026-008,Missing retention rule for provider contracts,Data Lifecycle,Healthcare Provider,,2026-07-11,Metadata Review,Contract Status,No,Confidential,Medium,Head of Provider Management,Provider Data Steward,Records Management Lead,Ownership gap,Prevent unscheduled deletion of contract records,Approve the retention rule and update lifecycle metadata,2026-11-30,Identified,,2026-07-21,2026-08-11,
ISSUE-2026-009,External provider payment file uses insecure transfer,Data Classification and Handling,Healthcare Provider,Finance,2026-03-22,Security Review,Payment Account Identifier,Yes,Restricted,High,Head of Provider Management,Provider Data Steward,Third-Party Service Owner,Third-party failure,Require encrypted manual transfer with independent confirmation,Replace file transfer with an approved secure integration,2026-12-31,Risk Accepted,DQ-PROVIDER-003,2026-07-15,2026-08-15,
ISSUE-2026-010,Overdue governance decision evidence,Governance Process and Evidence,Enterprise,,2026-01-20,Governance Review,Data Quality Issue,No,Internal,Low,Chief Data Officer,Enterprise Data Steward,Governance Secretariat,Control execution failure,Collect missing approval records,Introduce a mandatory evidence checklist for governance decisions,2026-03-31,Closed,,2026-03-25,,2026-03-28